nll,avg_residual_mag,avg_hidden_mag,avg_reversal_ratio,avg_kurtosis,last_residual_mag,last_hidden_mag,last_reversal_ratio,last_kurtosis,idx,domain,difficulty,numeric_density,actual_length,fp16_nll,awq_nll,awq_error,gptq_nll,gptq_error
5.78515625,195.16875457763672,23.55380494253976,0.1476910522311463,70.83547156403948,485.56072998046875,34.670719146728516,0.07140346614958569,240.4611718087943,0,general,0,0.09352517985611511,140,5.78515625,6.92578125,1.140625,,
7.47265625,215.93947165352958,21.414812224251882,0.12567261604289123,135.44561513491334,567.7511596679688,35.13766860961914,0.061889206232829695,252.8713763040142,1,gsm8k,1,0.18110236220472442,128,7.47265625,6.4140625,-1.05859375,,
1.2041015625,228.38942773001534,23.83292865753174,0.11711457982718976,71291.73497087111,569.376708984375,37.44971466064453,0.06577317629912438,1923.313213806205,2,aime,2,0.23055746730901583,512,1.2041015625,1.529296875,0.3251953125,,
